{
    "AAPL": {
        "qty": 1,
        "avg_entry": 204.64,
        "current_price": 204.02,
        "unrealized_pl": -0.62,
        "unrealized_plpc": -0.0030297107114934
    },
    "ABNB": {
        "qty": 2,
        "avg_entry": 131.6,
        "current_price": 130.2,
        "unrealized_pl": -2.8,
        "unrealized_plpc": -0.0106382978723404
    },
    "ACLS": {
        "qty": 16,
        "avg_entry": 78.8,
        "current_price": 77.98,
        "unrealized_pl": -13.12,
        "unrealized_plpc": -0.0104060913705584
    },
    "AFRM": {
        "qty": 1,
        "avg_entry": 72.91,
        "current_price": 73.48,
        "unrealized_pl": 0.57,
        "unrealized_plpc": 0.0078178576326978
    },
    "AKAM": {
        "qty": 1,
        "avg_entry": 74.09,
        "current_price": 73.965,
        "unrealized_pl": -0.125,
        "unrealized_plpc": -0.0016871372654879
    },
    "AMD": {
        "qty": 2,
        "avg_entry": 176.835,
        "current_price": 176.9504,
        "unrealized_pl": 0.2308,
        "unrealized_plpc": 0.0006525857437724
    },
    "AMPL": {
        "qty": 4,
        "avg_entry": 12.04,
        "current_price": 12.31,
        "unrealized_pl": 1.08,
        "unrealized_plpc": 0.0224252491694352
    },
    "AMZN": {
        "qty": 1,
        "avg_entry": 215.17,
        "current_price": 215.425,
        "unrealized_pl": 0.255,
        "unrealized_plpc": 0.0011851094483432
    },
    "ANET": {
        "qty": 3,
        "avg_entry": 119.65,
        "current_price": 119.46,
        "unrealized_pl": -0.57,
        "unrealized_plpc": -0.0015879648976181
    },
    "ASAN": {
        "qty": 19,
        "avg_entry": 14.32,
        "current_price": 14.15,
        "unrealized_pl": -3.23,
        "unrealized_plpc": -0.0118715083798883
    },
    "AVGO": {
        "qty": 1,
        "avg_entry": 297.87,
        "current_price": 296.195,
        "unrealized_pl": -1.675,
        "unrealized_plpc": -0.0056232584684594
    },
    "BIDU": {
        "qty": 1,
        "avg_entry": 86.69,
        "current_price": 86.35,
        "unrealized_pl": -0.34,
        "unrealized_plpc": -0.0039220209943477
    },
    "BILI": {
        "qty": 17,
        "avg_entry": 23.14,
        "current_price": 22.99,
        "unrealized_pl": -2.55,
        "unrealized_plpc": -0.0064822817631806
    },
    "BILL": {
        "qty": 3,
        "avg_entry": 41.55,
        "current_price": 41.84,
        "unrealized_pl": 0.87,
        "unrealized_plpc": 0.0069795427196149
    },
    "CFLT": {
        "qty": 14,
        "avg_entry": 17.532857,
        "current_price": 17.18,
        "unrealized_pl": -4.94,
        "unrealized_plpc": -0.0201254786930661
    },
    "CSCO": {
        "qty": 4,
        "avg_entry": 68.34,
        "current_price": 67.915,
        "unrealized_pl": -1.7,
        "unrealized_plpc": -0.0062189054726368
    },
    "DDI": {
        "qty": 34,
        "avg_entry": 9.43,
        "current_price": 9.38,
        "unrealized_pl": -1.7,
        "unrealized_plpc": -0.0053022269353128
    },
    "DDOG": {
        "qty": 1,
        "avg_entry": 137.13,
        "current_price": 133.98,
        "unrealized_pl": -3.15,
        "unrealized_plpc": -0.0229709035222052
    },
    "DELL": {
        "qty": 1,
        "avg_entry": 127.95,
        "current_price": 131.465,
        "unrealized_pl": 3.515,
        "unrealized_plpc": 0.0274716686205549
    },
    "DOCU": {
        "qty": 2,
        "avg_entry": 75.31,
        "current_price": 74.47,
        "unrealized_pl": -1.68,
        "unrealized_plpc": -0.0111538972248041
    },
    "EA": {
        "qty": 2,
        "avg_entry": 160.31,
        "current_price": 161.12,
        "unrealized_pl": 1.62,
        "unrealized_plpc": 0.0050527103736511
    },
    "EBAY": {
        "qty": 7,
        "avg_entry": 91.68,
        "current_price": 91.54,
        "unrealized_pl": -0.98,
        "unrealized_plpc": -0.0015270506108202
    },
    "EDU": {
        "qty": 5,
        "avg_entry": 46.28,
        "current_price": 46.57,
        "unrealized_pl": 1.45,
        "unrealized_plpc": 0.006266205704408
    },
    "ESTC": {
        "qty": 2,
        "avg_entry": 80.81,
        "current_price": 80.15,
        "unrealized_pl": -1.32,
        "unrealized_plpc": -0.0081673060264819
    },
    "ETSY": {
        "qty": 2,
        "avg_entry": 56.93,
        "current_price": 56.21,
        "unrealized_pl": -1.44,
        "unrealized_plpc": -0.0126471104865624
    },
    "FRSH": {
        "qty": 12,
        "avg_entry": 12.9,
        "current_price": 13.555,
        "unrealized_pl": 7.86,
        "unrealized_plpc": 0.0507751937984496
    },
    "FSLY": {
        "qty": 33,
        "avg_entry": 6.469697,
        "current_price": 6.435,
        "unrealized_pl": -1.145,
        "unrealized_plpc": -0.0053629976580796
    },
    "FTNT": {
        "qty": 2,
        "avg_entry": 98.69,
        "current_price": 97.16,
        "unrealized_pl": -3.06,
        "unrealized_plpc": -0.0155030904853582
    },
    "FVRR": {
        "qty": 1,
        "avg_entry": 22.12,
        "current_price": 21.45,
        "unrealized_pl": -0.67,
        "unrealized_plpc": -0.0302893309222423
    },
    "GLBE": {
        "qty": 6,
        "avg_entry": 32.41,
        "current_price": 32.575,
        "unrealized_pl": 0.99,
        "unrealized_plpc": 0.0050910212897254
    },
    "GOOG": {
        "qty": 2,
        "avg_entry": 197.51,
        "current_price": 196.28,
        "unrealized_pl": -2.46,
        "unrealized_plpc": -0.0062275327831502
    },
    "GOOGL": {
        "qty": 2,
        "avg_entry": 196.645,
        "current_price": 195.47,
        "unrealized_pl": -2.35,
        "unrealized_plpc": -0.0059752345597396
    },
    "HPQ": {
        "qty": 2,
        "avg_entry": 25.11,
        "current_price": 25.185,
        "unrealized_pl": 0.15,
        "unrealized_plpc": 0.0029868578255675
    },
    "HUYA": {
        "qty": 16,
        "avg_entry": 3.4,
        "current_price": 3.435,
        "unrealized_pl": 0.56,
        "unrealized_plpc": 0.0102941176470588
    },
    "INTC": {
        "qty": 31,
        "avg_entry": 20.28,
        "current_price": 20.295,
        "unrealized_pl": 0.465,
        "unrealized_plpc": 0.0007396449704142
    },
    "IQ": {
        "qty": 143,
        "avg_entry": 1.851818,
        "current_price": 1.865,
        "unrealized_pl": 1.885,
        "unrealized_plpc": 0.0071183112420226
    },
    "JD": {
        "qty": 4,
        "avg_entry": 31.5,
        "current_price": 31.4399,
        "unrealized_pl": -0.2404,
        "unrealized_plpc": -0.0019079365079365
    },
    "LI": {
        "qty": 11,
        "avg_entry": 25.776364,
        "current_price": 25.595,
        "unrealized_pl": -1.995,
        "unrealized_plpc": -0.0070360442971009
    },
    "LRCX": {
        "qty": 2,
        "avg_entry": 98.33,
        "current_price": 97.04,
        "unrealized_pl": -2.58,
        "unrealized_plpc": -0.0131190887826706
    },
    "MDB": {
        "qty": 1,
        "avg_entry": 230.89,
        "current_price": 228.47,
        "unrealized_pl": -2.42,
        "unrealized_plpc": -0.0104811815150071
    },
    "MRNA": {
        "qty": 4,
        "avg_entry": 27.48,
        "current_price": 27.49,
        "unrealized_pl": 0.04,
        "unrealized_plpc": 0.0003639010189229
    },
    "MRVL": {
        "qty": 1,
        "avg_entry": 75.56,
        "current_price": 76.52,
        "unrealized_pl": 0.96,
        "unrealized_plpc": 0.0127051349920593
    },
    "MSFT": {
        "qty": 1,
        "avg_entry": 534.71,
        "current_price": 532.39,
        "unrealized_pl": -2.32,
        "unrealized_plpc": -0.0043388004712835
    },
    "MSI": {
        "qty": 1,
        "avg_entry": 440.24,
        "current_price": 440.6,
        "unrealized_pl": 0.36,
        "unrealized_plpc": 0.0008177357804834
    },
    "MU": {
        "qty": 2,
        "avg_entry": 108.72,
        "current_price": 109.1,
        "unrealized_pl": 0.76,