{
  "PLTR": 140.8800048828125,
  "SOFI": 17.15999984741211,
  "AAPL": 202.02000427246094,
  "SPY": 613.5999755859375,
  "MSFT": 497.1534118652344
}