{
  "timestamp_utc": "20251002_223003",
  "params": {
    "objective": "binary:logistic",
    "eval_metric": "auc",
    "tree_method": "hist",
    "device": "cpu",
    "eta": 0.05,
    "max_depth": 6,
    "subsample": 0.8,
    "colsample_bytree": 0.8,
    "lambda": 1.0,
    "alpha": 0.0,
    "seed": 42,
    "nthread": 1,
    "scale_pos_weight": 19.275510204081634
  },
  "best_iteration": 15,
  "rows": 7452,
  "train_rows": 5961,
  "valid_rows": 1491,
  "class_balance_train": {
    "pos": 294,
    "neg": 5667,
    "pos_rate": 0.04932058379466533
  },
  "metrics": {
    "AUC": 0.8122573619922356,
    "AP": 0.18868452442296557,
    "thresholds": {
      "t0.50": {
        "threshold": 0.5,
        "precision": 0.14728682170542637,
        "recall": 0.6440677966101694,
        "f1": 0.23974763406940064
      },
      "t_opt": {
        "threshold": 0.49456000328063965,
        "precision": 0.14925373134328357,
        "recall": 0.6779661016949152,
        "f1": 0.24464831804281345
      }
    }
  },
  "features": [
    "rsi14",
    "ema_dev_pct",
    "atr_pct",
    "volatility_pct",
    "volume_trend",
    "volume_ratio",
    "gap_up_pct",
    "bullish_body_pct",
    "mom5_pct",
    "mom20_pct"
  ],
  "target": "target_spike4",
  "paths": {
    "version_model": "/root/stockbot/core/models/versions/xgb_spike4_v1_20251002_223003.json"
  }
}