{
  "timestamp_utc": "20250923_223318",
  "params": {
    "objective": "binary:logistic",
    "eval_metric": "auc",
    "tree_method": "hist",
    "device": "cpu",
    "eta": 0.05,
    "max_depth": 6,
    "subsample": 0.8,
    "colsample_bytree": 0.8,
    "lambda": 1.0,
    "alpha": 0.0,
    "seed": 42,
    "nthread": 1,
    "scale_pos_weight": 16.436147645311838
  },
  "best_iteration": 404,
  "rows": 2774239,
  "train_rows": 2219238,
  "valid_rows": 555001,
  "class_balance_train": {
    "pos": 127278,
    "neg": 2091960,
    "pos_rate": 0.05735211815947636
  },
  "metrics": {
    "AUC": 0.8672480812355287,
    "AP": 0.26731511359671645,
    "thresholds": {
      "t0.50": {
        "threshold": 0.5,
        "precision": 0.14255592787338472,
        "recall": 0.7586720677934534,
        "f1": 0.24001296252651425
      },
      "t_opt": {
        "threshold": 0.44866472482681274,
        "precision": 0.12849048816179506,
        "recall": 0.7972249383060949,
        "f1": 0.22131168730450068
      }
    }
  },
  "features": [
    "rsi14",
    "ema_dev_pct",
    "atr_pct",
    "volatility_pct",
    "volume_trend",
    "volume_ratio",
    "gap_up_pct",
    "bullish_body_pct",
    "mom5_pct",
    "mom20_pct"
  ],
  "target": "target_spike4",
  "paths": {
    "version_model": "/root/stockbot/core/models/versions/xgb_spike4_v1_20250923_223318.json"
  }
}