{
  "timestamp_utc": "20250922_223003",
  "params": {
    "objective": "binary:logistic",
    "eval_metric": "auc",
    "tree_method": "hist",
    "device": "cpu",
    "eta": 0.05,
    "max_depth": 6,
    "subsample": 0.8,
    "colsample_bytree": 0.8,
    "lambda": 1.0,
    "alpha": 0.0,
    "seed": 42,
    "nthread": 1,
    "scale_pos_weight": 8.788177339901479
  },
  "best_iteration": 13,
  "rows": 7452,
  "train_rows": 5961,
  "valid_rows": 1491,
  "class_balance_train": {
    "pos": 609,
    "neg": 5352,
    "pos_rate": 0.10216406643180674
  },
  "metrics": {
    "AUC": 0.7351149929572587,
    "AP": 0.2215209825919005,
    "thresholds": {
      "t0.50": {
        "threshold": 0.5,
        "precision": 0.16853932584269662,
        "recall": 0.5905511811023622,
        "f1": 0.26223776223776224
      },
      "t_opt": {
        "threshold": 0.4503207504749298,
        "precision": 0.14674735249621784,
        "recall": 0.7637795275590551,
        "f1": 0.24619289340101522
      }
    }
  },
  "features": [
    "rsi14",
    "ema_dev_pct",
    "atr_pct",
    "volatility_pct",
    "volume_trend",
    "volume_ratio",
    "gap_up_pct",
    "bullish_body_pct",
    "mom5_pct",
    "mom20_pct"
  ],
  "target": "target_spike4",
  "paths": {
    "version_model": "/root/stockbot/core/models/versions/xgb_spike4_v1_20250922_223003.json"
  }
}