feature,gain
atr_pct,2638.104736328125
volatility_pct,518.1124267578125
volume_trend,139.54644775390625
bullish_body_pct,119.75303649902344
volume_ratio,107.7010269165039
ema_dev_pct,101.35974884033203
rsi14,74.15512084960938
gap_up_pct,73.69560241699219
mom5_pct,65.74520874023438
mom20_pct,60.300506591796875
